"4c8d87bc-ed05-11ed-a05b-0242ac120003","+48 600600600","jakusko731","Jakub","jakusko731@gmail.com","Skoczylas","monkey"
"4c8d8c1c-ed05-11ed-a05b-0242ac120003","+48 986543234","adam.nowak32","Adam","adam.nowak32@gmail.com","Nowak","2$def456abc123"
"4c8d8da2-ed05-11ed-a05b-0242ac120003","+48 984567345","anna67","Anna","anna67@gmail.com","Malinowska","ghi789jkl012"
"4c8d92f2-ed05-11ed-a05b-0242ac120003","+48 981234456","kasia.dabrowska","Katarzyna","kasia.dabrowska@gmail.com","Dąbrowska","$mno345pqr678"
"4c8d946e-ed05-11ed-a05b-0242ac120003","+48 982345567","piotr.wolski22","Piotr","piotr.wolski22@gmail.com","Wolski","$stu90x234"
"4c8d95c2-ed05-11ed-a05b-0242ac120003","+48 983456678","agnieszka.adamska","Agnieszka","agnieszka.adamska@gmail.com","Adamska","$2a$12$ycde678"
"4c8d9720-ed05-11ed-a05b-0242ac120003","+48 984567789","mariusz.mazur1","Mariusz","mariusz.mazur1@gmail.com","Mazur","$2a$78ijk901"
"4c8d986a-ed05-11ed-a05b-0242ac120003","+48 985678890","marzena41","Marzena","marzena41@gmail.com","Szczepańska","lmn234opq567"
"4c8d99b4-ed05-11ed-a05b-0242ac120003","+48 986789901","pawel.jablonski","Paweł","pawel.jablonski@gmail.com","Jabłoński","$rst890uvw123"
"4c8d9b26-ed05-11ed-a05b-0242ac120003","+48 981234012","ewa99","Ewa","ewa99@gmail.com","Nowicka","yz456abc789"
"4c8d9f0e-ed05-11ed-a05b-0242ac120003","+48 123456789","janek123","Jan","janek@example.com","Kowalski","a4fGn92kPj"
"4c8da076-ed05-11ed-a05b-0242ac120003","+48 123456790","ania567","Anna","ania@example.com","Nowak","GhT1sL9pZd"
"4c8da1d4-ed05-11ed-a05b-0242ac120003","+48 123456791","jacek098","Jacek","jacek@example.com","Kaczmarek","xTf8mN3lBq"
"4c8da346-ed05-11ed-a05b-0242ac120003","+48 123456792","adam555","Adam","adam@example.com","Wójcik","iUg6pR2jMn"
"4c8da4a4-ed05-11ed-a05b-0242ac120003","+48 123456793","kasia345","Katarzyna","kasia@example.com","Piotrowska","lMn9iK3pQb"
"4c8da5e4-ed05-11ed-a05b-0242ac120003","+48 123456794","maciej123","Maciej","maciej@example.com","Lewandowski","yHn8jK2oLm"
"4c8da72e-ed05-11ed-a05b-0242ac120003","+48 123456795","iza777","Izabela","iza@example.com","Zielińska","cSd4fG1hTj"
"4c8dabe8-ed05-11ed-a05b-0242ac120003","+48 123456796","marta222","Marta","marta@example.com","Dąbrowska","qBw5eR2tYh"
"4c8dad5a-ed05-11ed-a05b-0242ac120003","+48 123456797","pawel321","Paweł","pawel@example.com","Włodarczyk","zKj6hG8fNp"
"4c8daeae-ed05-11ed-a05b-0242ac120003","+48 121456797","julia123","Julia","julia123@gmail.com","Nowak","$2a$1vglKN2DTpTnYW"
"4c8db03e-ed05-11ed-a05b-0242ac120003","+48 122456797","adam456","Adam","adam456@gmail.com","Kowalski","$2a$12$FpGEHP6"
"4c8db17e-ed05-11ed-a05b-0242ac120003","+48 124456797","marta789","Marta","marta789@gmail.com","Nowak","$2a$12$7hzh3lS"
"4c8db2c8-ed05-11ed-a05b-0242ac120003","+48 125456797","fan.maty","Milosz","fan.maty@gmail.com","Kuropatwa","bjj!"
"4c8db412-ed05-11ed-a05b-0242ac120003","+48 126456797","kasia567","Kasia","kasia567@gmail.com","Wójcik","$2a$12$8wLezlr4S"
"4c8db886-ed05-11ed-a05b-0242ac120003","+48 127456797","michal890","Michał","michal890@gmail.com","Lewandowski","$2amYEXN8gu"
"4c8db9f8-ed05-11ed-a05b-0242ac120003","+48 128456797","agata123","Agata","agata123@gmail.com","Jankowska","$2a$12$twGvPRO"
"4c8dbb4c-ed05-11ed-a05b-0242ac120003","+48 129456797","piotr456","Piotr","piotr456@gmail.com","Nowakowski","$2a$18K9nO"
"4c8dbcb4-ed05-11ed-a05b-0242ac120003","+48 120456797","natalia789","Natalia","natalia789@gmail.com","Kowalczyk","$2a$12"
"4c8dbdf4-ed05-11ed-a05b-0242ac120003","+48 120436797","andy.barcelona","Andrzej","andybarcelona@gmail.com","Masztal","barca!"
"4c8dbf52-ed05-11ed-a05b-0242ac120003","+48 120459797","natan.natural","Natan","natan.natural@gmail.com","Marcoń","tren!"